{
  "train_loss": [
    0.4761338268335049,
    0.32317145799215025,
    0.21157862876470274,
    0.14884477825118944,
    0.1314143157349183,
    0.111774464066212,
    0.11052186414599419,
    0.1011861956749971,
    0.08537599028876194,
    0.09029267728328705,
    0.08308804078170887,
    0.08358531588545212,
    0.0756997149437666,
    0.06594184470864442,
    0.06315374832886916,
    0.05978060227174025,
    0.05372767021449713,
    0.054495221290450827,
    0.05322833631474238,
    0.05232536155157364,
    0.05439911030519467,
    0.050033717129666075,
    0.050671023316681385,
    0.04591840226203203,
    0.04843538992393475,
    0.049477677505749926,
    0.0423394816999252,
    0.04276106757326768,
    0.04220198983183274,
    0.045545644914874665,
    0.044529939571825355,
    0.04160840422488176,
    0.043619692898713626,
    0.04241751392300312,
    0.035280538436311945,
    0.035832620691508055,
    0.029519997895337068,
    0.02868501630683358
  ],
  "val_loss": [
    0.8501391194083474,
    0.48226127299395477,
    0.5177320296114142,
    0.5897901383313265,
    0.6728256453167308,
    0.5272304361516779,
    0.4819650216536088,
    0.7673493190245195,
    0.9266604022546248,
    1.7444788109172473,
    2.7790832736275415,
    2.564878377047452,
    1.1919176361777566,
    0.691897373307835,
    0.3319971723990007,
    0.5869710580869154,
    0.22112929414619098,
    0.20302126624367453,
    0.14941062304106625,
    0.14292447472160513,
    0.138307296755639,
    0.18416718529029327,
    0.11681501296433536,
    0.1157087345014919,
    0.11550456928935918,
    0.12215302613648502,
    0.11990630254149437,
    0.09965135190974582,
    0.10276156325231899,
    0.10670772567391396,
    0.10183796083385294,
    0.1085931421680884,
    0.12589046426794745,
    0.13020185753703117,
    0.12817689471624114,
    0.12187251888892868,
    0.12121108445254239,
    0.10952108167111874
  ],
  "train_metrics": [
    {
      "precision": 0.831551216488455,
      "recall": 0.972277586519297,
      "f1": 0.8964249916471767,
      "accuracy": 0.8137019230769231,
      "loss": 0.4761338268335049
    },
    {
      "precision": 0.8716315531602156,
      "recall": 0.96667270422025,
      "f1": 0.9166952937135006,
      "accuracy": 0.8542668269230769,
      "loss": 0.32317145799215025
    },
    {
      "precision": 0.9385902456390175,
      "recall": 0.9555998550199347,
      "f1": 0.9470186781609196,
      "accuracy": 0.9113581730769231,
      "loss": 0.21157862876470274
    },
    {
      "precision": 0.960412147505423,
      "recall": 0.9618030412744388,
      "f1": 0.9611070911722142,
      "accuracy": 0.9353966346153846,
      "loss": 0.14884477825118944
    },
    {
      "precision": 0.9728440366972477,
      "recall": 0.9610295450425956,
      "f1": 0.966900702106319,
      "accuracy": 0.9454627403846154,
      "loss": 0.1314143157349183
    },
    {
      "precision": 0.9784553587730509,
      "recall": 0.9718897352194414,
      "f1": 0.9751614957692658,
      "accuracy": 0.958984375,
      "loss": 0.111774464066212
    },
    {
      "precision": 0.9780621572212066,
      "recall": 0.9690273501177323,
      "f1": 0.973523792193613,
      "accuracy": 0.9562800480769231,
      "loss": 0.11052186414599419
    },
    {
      "precision": 0.9768796650282178,
      "recall": 0.972277586519297,
      "f1": 0.974573192880494,
      "accuracy": 0.9579326923076923,
      "loss": 0.1011861956749971
    },
    {
      "precision": 0.9844975378442459,
      "recall": 0.9784303063259018,
      "f1": 0.9814545454545455,
      "accuracy": 0.9693509615384616,
      "loss": 0.08537599028876194
    },
    {
      "precision": 0.9839181286549707,
      "recall": 0.9750090546903296,
      "f1": 0.979443332726942,
      "accuracy": 0.9660456730769231,
      "loss": 0.09029267728328705
    },
    {
      "precision": 0.9821461104026235,
      "recall": 0.9766304347826087,
      "f1": 0.9793805068580252,
      "accuracy": 0.9658954326923077,
      "loss": 0.08308804078170887
    },
    {
      "precision": 0.9834575531721506,
      "recall": 0.9802500452980613,
      "f1": 0.9818511796733213,
      "accuracy": 0.9699519230769231,
      "loss": 0.08358531588545212
    },
    {
      "precision": 0.9859514687100894,
      "recall": 0.9802285506983494,
      "f1": 0.9830816809168638,
      "accuracy": 0.9720552884615384,
      "loss": 0.0756997149437666
    },
    {
      "precision": 0.9879737609329446,
      "recall": 0.9829586656997824,
      "f1": 0.985459832788077,
      "accuracy": 0.9759615384615384,
      "loss": 0.06594184470864442
    },
    {
      "precision": 0.9885162231133795,
      "recall": 0.9826055444826961,
      "f1": 0.985552021808269,
      "accuracy": 0.9761117788461539,
      "loss": 0.06315374832886916
    },
    {
      "precision": 0.9883147708599598,
      "recall": 0.9815049864007253,
      "f1": 0.9848981077147017,
      "accuracy": 0.9750600961538461,
      "loss": 0.05978060227174025
    },
    {
      "precision": 0.9908941904935349,
      "recall": 0.9849746560463433,
      "f1": 0.9879255560599183,
      "accuracy": 0.9800180288461539,
      "loss": 0.05372767021449713
    },
    {
      "precision": 0.9899708242159008,
      "recall": 0.9836926979525277,
      "f1": 0.9868217758793056,
      "accuracy": 0.9782151442307693,
      "loss": 0.054495221290450827
    },
    {
      "precision": 0.9892649199417758,
      "recall": 0.9844287524895889,
      "f1": 0.9868409111534622,
      "accuracy": 0.9782151442307693,
      "loss": 0.05322833631474238
    },
    {
      "precision": 0.9901693063899508,
      "recall": 0.9865771812080537,
      "f1": 0.9883699800109031,
      "accuracy": 0.9807692307692307,
      "loss": 0.05232536155157364
    },
    {
      "precision": 0.9887354651162791,
      "recall": 0.9849773755656108,
      "f1": 0.9868528425061203,
      "accuracy": 0.9782151442307693,
      "loss": 0.05439911030519467
    },
    {
      "precision": 0.9907306434023991,
      "recall": 0.98821609862219,
      "f1": 0.9894717734616083,
      "accuracy": 0.9825721153846154,
      "loss": 0.050033717129666075
    },
    {
      "precision": 0.9916119620714807,
      "recall": 0.9855019934758971,
      "f1": 0.9885475368114888,
      "accuracy": 0.9810697115384616,
      "loss": 0.050671023316681385
    },
    {
      "precision": 0.9910892889616294,
      "recall": 0.9878557186876926,
      "f1": 0.9894698620188817,
      "accuracy": 0.9825721153846154,
      "loss": 0.04591840226203203
    },
    {
      "precision": 0.992,
      "recall": 0.9875113122171946,
      "f1": 0.989750566893424,
      "accuracy": 0.9830228365384616,
      "loss": 0.04843538992393475
    },
    {
      "precision": 0.99235807860262,
      "recall": 0.9878645172975911,
      "f1": 0.9901061995098485,
      "accuracy": 0.9836237980769231,
      "loss": 0.049477677505749926
    },
    {
      "precision": 0.9914669571532316,
      "recall": 0.9894908497916289,
      "f1": 0.990477917838034,
      "accuracy": 0.9842247596153846,
      "loss": 0.0423394816999252
    },
    {
      "precision": 0.9932641543782996,
      "recall": 0.9884057971014493,
      "f1": 0.9908290202487968,
      "accuracy": 0.9848257211538461,
      "loss": 0.04276106757326768
    },
    {
      "precision": 0.993073277433467,
      "recall": 0.9874932028276238,
      "f1": 0.9902753794419704,
      "accuracy": 0.9839242788461539,
      "loss": 0.04220198983183274
    },
    {
      "precision": 0.9914623069936421,
      "recall": 0.9891264951069227,
      "f1": 0.9902930236777647,
      "accuracy": 0.9839242788461539,
      "loss": 0.045545644914874665
    },
    {
      "precision": 0.9920087177624409,
      "recall": 0.9893135301575802,
      "f1": 0.9906592908315952,
      "accuracy": 0.9845252403846154,
      "loss": 0.044529939571825355
    },
    {
      "precision": 0.9918300653594772,
      "recall": 0.989315465411083,
      "f1": 0.9905711695376247,
      "accuracy": 0.984375,